Search,Cost,Clicks,Impressions,Conversions
travel companion,$0.89,1,21,0.00
travel buddy,$1.41,2,19,0.00
travel buddy app,$0.00,0,11,0.00
travel companions,$1.40,2,9,0.00
travel friends,$1.66,1,8,0.00
travel buddy website,$1.67,1,7,0.00
how to find a travel partner,$0.00,0,6,0.00
travel buddies,$0.00,0,5,0.00
find a travel partner,$0.00,0,4,0.00
find travel buddy,$1.36,2,4,0.00
reisebegleitung gesucht,$0.00,0,4,0.00
find travel buddies,$0.63,1,3,0.00
find travel buddy app,$0.00,0,3,0.00
how to find a female travel partner,$0.00,0,3,0.00
join my trip,$0.00,0,3,0.00
paid female travel companion,$0.00,0,3,0.00
reisepartner gesucht,$0.00,0,3,0.00
travel companions for singles,$1.27,2,3,0.00
travel partner,$1.49,2,3,0.00
travel partner finder,$1.14,2,3,0.00
app for finding friends,$0.00,0,2,0.00
app to meet people while traveling,$0.00,0,2,0.00
chat with strangers,$0.00,0,2,0.00
companion travel,$1.66,1,2,0.00
find a travel buddy,$0.00,0,2,0.00
find buddy to travel,$0.00,0,2,0.00
find people to travel with,$1.58,2,2,0.00
finding a travel buddy,$0.00,0,2,0.00
gaffl app,$0.00,0,2,0.00
holiday companion,$0.56,1,2,0.00
how to find travel buddies,$0.00,0,2,0.00
how to meet people to travel with,$0.00,0,2,0.00
how to meet people while solo traveling,$0.00,0,2,0.00
korean travel buddy,$0.00,0,2,0.00
looking for travel buddy,$0.58,1,2,0.00
male looking for female travel companion,$0.83,1,2,0.00
meet other travelers,$0.00,0,2,0.00
need someone to travel with,$0.00,0,2,0.00
reisgenoot gezocht,$0.00,0,2,0.00
single girl chat video call,$0.00,0,2,0.00
solo travel app,$0.00,0,2,0.00
solo traveler app,$0.00,0,2,0.00
solo traveller meetup,$0.00,0,2,0.00
travel buddies australia,$0.69,1,2,0.00
travel buddies website,$0.00,0,2,0.00
travel buddy finden,$0.57,1,2,0.00
travel buddy finder,$0.00,0,2,0.00
travel companion app,$0.00,0,2,0.00
travel companion finder system,$0.00,0,2,0.00
travel companion uk,$0.00,0,2,0.00
travel friends app,$0.00,0,2,0.00
travel ladies app,$0.00,0,2,0.00
travel partner app,$0.00,0,2,0.00
travel partners,$0.00,0,2,0.00
travel together,$1.08,2,2,0.00
trip giraffe,$0.00,0,2,0.00
urlaubsbegleitung gesucht,$0.00,0,2,0.00
1v1 call video,$0.00,0,1,0.00
1v1 chat,$0.00,0,1,0.00
1v1 video call,$0.00,0,1,0.00
app for meeting people while travelling,$0.00,0,1,0.00
app for solo travellers,$0.00,0,1,0.00
app for travellers to meet,$0.00,0,1,0.00
app solo travellers,$0.00,0,1,0.00
app to find travel buddies,$0.00,0,1,0.00
application rencontre voyage solo,$0.00,0,1,0.00
apps like tripbff,$0.00,0,1,0.00
apps to find people to travel with,$0.00,0,1,0.00
backpacker finden,$0.00,0,1,0.00
best paid female travel companion,$0.00,0,1,0.00
best trips for solo travelers,$0.00,0,1,0.00
canadian singles travel,$0.00,0,1,0.00
chat with random people,$0.00,0,1,0.00
cheap escorted holidays for single travellers,$0.00,0,1,0.00
companion holiday,$0.00,0,1,0.00
companion wanted for travel,$0.00,0,1,0.00
dating apps,$0.00,0,1,0.00
dating holidays,$0.00,0,1,0.00
dating holidays for singles,$0.00,0,1,0.00
dating travel group,$0.00,0,1,0.00
fairy trail app,$0.00,0,1,0.00
female companion for travel,$0.00,0,1,0.00
female travel companion wanted,$0.00,0,1,0.00
find a buddy to travel with,$0.76,1,1,0.00
find a travel companion,$0.00,0,1,0.00
find friends to travel with,$0.00,0,1,0.00
find friends travelling app,$0.00,0,1,0.00
find holiday partner,$0.00,0,1,0.00
find other solo travellers,$0.68,1,1,0.00
find other travellers,$0.00,0,1,0.00
find people to travel,$0.00,0,1,0.00
find someone to go on holiday with,$0.00,0,1,0.00
find someone to travel with,$0.00,0,1,0.00
find travel companion,$0.00,0,1,0.00
find travel friends,$0.66,1,1,0.00
find travel friends app,$0.00,0,1,0.00
find travellers near you,$0.00,0,1,0.00
finding travel buddies,$0.00,0,1,0.00
finding travel friends,$0.00,0,1,0.00
flashpack,$0.00,0,1,0.00
